date,gold_usd_oz,silver_usd_oz
1960-01-01,35,0.9
1960-02-01,35,0.9
1960-03-01,35,0.9
1960-04-01,35,0.9
1960-05-01,35,0.9
1960-06-01,35,0.9
1960-07-01,35,0.9
1960-08-01,35,0.9
1960-09-01,35,0.9
1960-10-01,35,0.9
1960-11-01,35,0.9
1960-12-01,35,0.9
1961-01-01,35,0.9
1961-02-01,35,0.9
1961-03-01,35,0.9
1961-04-01,35,0.9
1961-05-01,35,0.9
1961-06-01,35,0.9
1961-07-01,35,0.9
1961-08-01,35,0.9
1961-09-01,35,0.9
1961-10-01,35,0.9
1961-11-01,35,0.9
1961-12-01,35,1
1962-01-01,35,1
1962-02-01,35,1
1962-03-01,35,1
1962-04-01,35,1
1962-05-01,35,1
1962-06-01,35,1
1962-07-01,35,1
1962-08-01,35,1.1
1962-09-01,35,1.2
1962-10-01,35,1.2
1962-11-01,35,1.2
1962-12-01,35,1.2
1963-01-01,35,1.2
1963-02-01,35,1.3
1963-03-01,35,1.3
1963-04-01,35,1.3
1963-05-01,35,1.3
1963-06-01,35,1.3
1963-07-01,35,1.3
1963-08-01,35,1.3
1963-09-01,35,1.3
1963-10-01,35,1.3
1963-11-01,35,1.3
1963-12-01,35,1.3
1964-01-01,35,1.3
1964-02-01,35,1.3
1964-03-01,35,1.3
1964-04-01,35,1.3
1964-05-01,35,1.3
1964-06-01,35,1.3
1964-07-01,35,1.3
1964-08-01,35,1.3
1964-09-01,35,1.3
1964-10-01,35,1.3
1964-11-01,35,1.3
1964-12-01,35,1.3
1965-01-01,35,1.3
1965-02-01,35,1.3
1965-03-01,35,1.3
1965-04-01,35,1.3
1965-05-01,35,1.3
1965-06-01,35,1.3
1965-07-01,35,1.3
1965-08-01,35,1.3
1965-09-01,35,1.3
1965-10-01,35,1.3
1965-11-01,35,1.3
1965-12-01,35,1.3
1966-01-01,35,1.3
1966-02-01,35,1.3
1966-03-01,35,1.3
1966-04-01,35,1.3
1966-05-01,35,1.3
1966-06-01,35,1.3
1966-07-01,35,1.3
1966-08-01,35,1.3
1966-09-01,35,1.3
1966-10-01,35,1.3
1966-11-01,35,1.3
1966-12-01,35,1.3
1967-01-01,35,1.3
1967-02-01,35,1.3
1967-03-01,35,1.3
1967-04-01,35,1.3
1967-05-01,35,1.3
1967-06-01,35,1.3
1967-07-01,35,1.6
1967-08-01,35,1.7
1967-09-01,35,1.7
1967-10-01,35,1.8
1967-11-01,35,2
1967-12-01,35,2.1
1968-01-01,36,2
1968-02-01,36,1.9
1968-03-01,37,2.2
1968-04-01,38,2.2
1968-05-01,41,2.4
1968-06-01,41,2.5
1968-07-01,39,2.3
1968-08-01,39,2.2
1968-09-01,40,2.2
1968-10-01,39,2
1968-11-01,40,2
1968-12-01,41,2
1969-01-01,42,2
1969-02-01,43,1.8
1969-03-01,43,1.8
1969-04-01,43,1.8
1969-05-01,43,1.8
1969-06-01,41,1.6
1969-07-01,42,1.6
1969-08-01,41,1.7
1969-09-01,41,1.8
1969-10-01,40,1.9
1969-11-01,37,1.9
1969-12-01,35,1.8
1970-01-01,35,1.9
1970-02-01,35,1.9
1970-03-01,35,1.9
1970-04-01,36,1.9
1970-05-01,36,1.7
1970-06-01,35,1.6
1970-07-01,35,1.7
1970-08-01,35,1.8
1970-09-01,36,1.8
1970-10-01,38,1.7
1970-11-01,37,1.8
1970-12-01,37,1.6
1971-01-01,38,1.6
1971-02-01,39,1.6
1971-03-01,39,1.7
1971-04-01,39,1.7
1971-05-01,41,1.7
1971-06-01,40,1.6
1971-07-01,41,1.6
1971-08-01,43,1.6
1971-09-01,42,1.4
1971-10-01,43,1.3
1971-11-01,43,1.3
1971-12-01,43,1.4
1972-01-01,46,1.5
1972-02-01,48,1.5
1972-03-01,48,1.5
1972-04-01,49,1.6
1972-05-01,55,1.6
1972-06-01,62,1.6
1972-07-01,66,1.7
1972-08-01,67,1.8
1972-09-01,65,1.8
1972-10-01,65,1.8
1972-11-01,63,1.8
1972-12-01,64,2
1973-01-01,65,2
1973-02-01,74,2.2
1973-03-01,84,2.3
1973-04-01,91,2.2
1973-05-01,102,2.4
1973-06-01,120,2.6
1973-07-01,120,2.7
1973-08-01,107,2.6
1973-09-01,103,2.7
1973-10-01,100,2.9
1973-11-01,95,2.9
1973-12-01,107,3.1
1974-01-01,129,3.6
1974-02-01,150,5.4
1974-03-01,168,5.3
1974-04-01,172,5
1974-05-01,163,5.4
1974-06-01,154,4.9
1974-07-01,143,4.4
1974-08-01,155,4.4
1974-09-01,152,4
1974-10-01,159,4.8
1974-11-01,182,4.7
1974-12-01,184,4.4
1975-01-01,176,4.2
1975-02-01,180,4.4
1975-03-01,178,4.3
1975-04-01,170,4.2
1975-05-01,167,4.5
1975-06-01,164,4.5
1975-07-01,165,4.7
1975-08-01,163,4.9
1975-09-01,144,4.5
1975-10-01,143,4.3
1975-11-01,142,4.3
1975-12-01,139,4.1
1976-01-01,131,4.1
1976-02-01,131,4.1
1976-03-01,133,4.2
1976-04-01,128,4.4
1976-05-01,127,4.5
1976-06-01,126,4.8
1976-07-01,118,4.8
1976-08-01,110,4.3
1976-09-01,114,4.3
1976-10-01,116,4.2
1976-11-01,130,4.4
1976-12-01,134,4.4
1977-01-01,132,4.4
1977-02-01,136,4.5
1977-03-01,148,4.9
1977-04-01,149,4.8
1977-05-01,147,4.7
1977-06-01,141,4.5
1977-07-01,143,4.5
1977-08-01,145,4.5
1977-09-01,150,4.5
1977-10-01,159,4.8
1977-11-01,162,4.8
1977-12-01,160,4.7
1978-01-01,173,4.9
1978-02-01,178,5
1978-03-01,184,5.3
1978-04-01,175,5.2
1978-05-01,176,5.1
1978-06-01,184,5.3
1978-07-01,189,5.4
1978-08-01,206,5.5
1978-09-01,212,5.6
1978-10-01,227,5.9
1978-11-01,206,5.9
1978-12-01,208,5.9
1979-01-01,227,6.2
1979-02-01,246,7.3
1979-03-01,242,7.4
1979-04-01,239,7.4
1979-05-01,258,8.4
1979-06-01,279,8.6
1979-07-01,295,9.1
1979-08-01,301,9.3
1979-09-01,355,13.8
1979-10-01,392,16.6
1979-11-01,392,16.7
1979-12-01,455,22.5
1980-01-01,675,38.9
1980-02-01,665,35.2
1980-03-01,554,24.7
1980-04-01,517,14.9
1980-05-01,514,12.7
1980-06-01,601,15.8
1980-07-01,643,16.3
1980-08-01,627,15.9
1980-09-01,674,19.9
1980-10-01,661,20.2
1980-11-01,625,18.6
1980-12-01,538,16.5
1981-01-01,557,14.8
1981-02-01,500,13.1
1981-03-01,499,12.3
1981-04-01,496,11.5
1981-05-01,480,10.9
1981-06-01,461,10
1981-07-01,409,8.6
1981-08-01,410,8.9
1981-09-01,444,10.1
1981-10-01,438,9.2
1981-11-01,413,8.5
1981-12-01,410,8.4
1982-01-01,384,8
1982-02-01,374,8.3
1982-03-01,330,7.2
1982-04-01,350,7.3
1982-05-01,334,6.7
1982-06-01,315,5.6
1982-07-01,339,6.5
1982-08-01,364,7.1
1982-09-01,437,8.8
1982-10-01,422,9.4
1982-11-01,415,9.8
1982-12-01,445,10.6
1983-01-01,481,12.3
1983-02-01,491,14
1983-03-01,420,10.6
1983-04-01,433,11.6
1983-05-01,438,12.9
1983-06-01,413,11.7
1983-07-01,403,12
1983-08-01,416,12.1
1983-09-01,412,12
1983-10-01,394,9.9
1983-11-01,382,8.8
1983-12-01,388,9.1
1984-01-01,371,8.3
1984-02-01,386,9.1
1984-03-01,394,9.6
1984-04-01,381,9.2
1984-05-01,377,9
1984-06-01,378,8.8
1984-07-01,348,7.5
1984-08-01,348,7.6
1984-09-01,340,7.3
1984-10-01,341,7.3
1984-11-01,342,7.5
1984-12-01,320,6.6
1985-01-01,303,6.1
1985-02-01,299,6.1
1985-03-01,314,6
1985-04-01,327,6.4
1985-05-01,316,6.3
1985-06-01,317,6.2
1985-07-01,317,6
1985-08-01,330,6.2
1985-09-01,323,6.1
1985-10-01,326,6.2
1985-11-01,322,6.1
1985-12-01,322,5.9
1986-01-01,347,6
1986-02-01,339,5.9
1986-03-01,346,5.6
1986-04-01,340,5.2
1986-05-01,342,5.1
1986-06-01,343,5.1
1986-07-01,348,5
1986-08-01,377,5.2
1986-09-01,418,5.6
1986-10-01,424,5.6
1986-11-01,398,5.6
1986-12-01,391,5.4
1987-01-01,408,5.5
1987-02-01,401,5.5
1987-03-01,409,5.7
1987-04-01,438,7.3
1987-05-01,460,8.5
1987-06-01,450,7.4
1987-07-01,451,7.6
1987-08-01,461,7.8
1987-09-01,460,7.6
1987-10-01,465,7.6
1987-11-01,468,6.8
1987-12-01,486,6.8
1988-01-01,477,6.7
1988-02-01,442,6.3
1988-03-01,444,6.4
1988-04-01,452,6.5
1988-05-01,451,6.5
1988-06-01,451,7
1988-07-01,438,7
1988-08-01,431,6.7
1988-09-01,413,6.4
1988-10-01,407,6.3
1988-11-01,420,6.3
1988-12-01,419,6.1
1989-01-01,404,6
1989-02-01,388,5.9
1989-03-01,390,6
1989-04-01,384,5.8
1989-05-01,371,5.5
1989-06-01,368,5.3
1989-07-01,375,5.2
1989-08-01,365,5.2
1989-09-01,362,5.1
1989-10-01,367,5.1
1989-11-01,394,5.5
1989-12-01,409,5.6
1990-01-01,410,5.2
1990-02-01,417,5.3
1990-03-01,393,5.1
1990-04-01,374,5.1
1990-05-01,369,5.1
1990-06-01,352,4.9
1990-07-01,363,4.9
1990-08-01,395,5
1990-09-01,389,4.8
1990-10-01,381,4.4
1990-11-01,382,4.2
1990-12-01,377,4.1
1991-01-01,384,4.1
1991-02-01,364,3.7
1991-03-01,363,3.9
1991-04-01,358,4
1991-05-01,357,4
1991-06-01,367,4.4
1991-07-01,368,4.3
1991-08-01,356,4
1991-09-01,349,4
1991-10-01,359,4.1
1991-11-01,360,4.1
1991-12-01,362,3.9
1992-01-01,354,4.1
1992-02-01,354,4.1
1992-03-01,344,4.1
1992-04-01,339,4.1
1992-05-01,337,4.1
1992-06-01,341,4.1
1992-07-01,353,4
1992-08-01,343,3.8
1992-09-01,345,3.8
1992-10-01,344,3.8
1992-11-01,335,3.8
1992-12-01,335,3.7
1993-01-01,329,3.7
1993-02-01,329,3.7
1993-03-01,330,3.6
1993-04-01,342,4
1993-05-01,367,4.5
1993-06-01,372,4.4
1993-07-01,392,5
1993-08-01,379,4.8
1993-09-01,355,4.2
1993-10-01,364,4.3
1993-11-01,374,4.5
1993-12-01,383,5
1994-01-01,387,5.1
1994-02-01,382,5.2
1994-03-01,384,5.4
1994-04-01,377,5.4
1994-05-01,381,5.4
1994-06-01,386,5.4
1994-07-01,385,5.3
1994-08-01,380,5.2
1994-09-01,392,5.5
1994-10-01,390,5.5
1994-11-01,384,5.2
1994-12-01,379,4.8
1995-01-01,379,4.8
1995-02-01,377,4.7
1995-03-01,382,4.6
1995-04-01,391,5.5
1995-05-01,385,5.6
1995-06-01,388,5.4
1995-07-01,386,5.2
1995-08-01,384,5.4
1995-09-01,383,5.4
1995-10-01,383,5.4
1995-11-01,385,5.3
1995-12-01,387,5.2
1996-01-01,399,5.5
1996-02-01,405,5.7
1996-03-01,396,5.5
1996-04-01,393,5.4
1996-05-01,392,5.4
1996-06-01,385,5.2
1996-07-01,383,5.1
1996-08-01,387,5.1
1996-09-01,383,5
1996-10-01,381,4.9
1996-11-01,378,4.8
1996-12-01,369,4.8
1997-01-01,355,4.8
1997-02-01,347,5.1
1997-03-01,352,5.2
1997-04-01,344,4.8
1997-05-01,344,4.7
1997-06-01,341,4.8
1997-07-01,324,4.4
1997-08-01,324,4.5
1997-09-01,323,4.7
1997-10-01,325,5
1997-11-01,306,5.1
1997-12-01,289,5.8
1998-01-01,289,5.9
1998-02-01,297,6.8
1998-03-01,296,6.2
1998-04-01,308,6.3
1998-05-01,299,5.6
1998-06-01,292,5.3
1998-07-01,293,5.5
1998-08-01,284,5.2
1998-09-01,289,5
1998-10-01,296,5
1998-11-01,294,5
1998-12-01,292,4.9
1999-01-01,287,5.1
1999-02-01,287,5.5
1999-03-01,286,5.2
1999-04-01,283,5.1
1999-05-01,276,5.3
1999-06-01,261,5
1999-07-01,256,5.2
1999-08-01,257,5.3
1999-09-01,265,5.2
1999-10-01,311,5.4
1999-11-01,293,5.2
1999-12-01,283,5.2
2000-01-01,284,5.2
2000-02-01,300,5.2
2000-03-01,286,5.1
2000-04-01,280,5.1
2000-05-01,275,5
2000-06-01,286,5
2000-07-01,282,5
2000-08-01,274,4.9
2000-09-01,274,4.9
2000-10-01,270,4.8
2000-11-01,266,4.7
2000-12-01,271,4.6
2001-01-01,265,4.7
2001-02-01,262,4.6
2001-03-01,263,4.4
2001-04-01,260,4.4
2001-05-01,272,4.4
2001-06-01,270,4.4
2001-07-01,268,4.3
2001-08-01,272,4.2
2001-09-01,283,4.4
2001-10-01,283,4.4
2001-11-01,276,4.1
2001-12-01,276,4.4
2002-01-01,282,4.5
2002-02-01,296,4.4
2002-03-01,294,4.5
2002-04-01,303,4.6
2002-05-01,314,4.7
2002-06-01,321,4.9
2002-07-01,313,4.9
2002-08-01,310,4.5
2002-09-01,319,4.6
2002-10-01,317,4.4
2002-11-01,319,4.5
2002-12-01,332,4.6
2003-01-01,357,4.8
2003-02-01,359,4.7
2003-03-01,341,4.5
2003-04-01,328,4.5
2003-05-01,356,4.7
2003-06-01,356,4.5
2003-07-01,351,4.8
2003-08-01,360,5
2003-09-01,379,5.2
2003-10-01,379,5
2003-11-01,390,5.2
2003-12-01,407,5.6
2004-01-01,414,6.3
2004-02-01,405,6.4
2004-03-01,407,7.2
2004-04-01,403,7.1
2004-05-01,384,5.9
2004-06-01,392,5.9
2004-07-01,398,6.3
2004-08-01,401,6.7
2004-09-01,405,6.4
2004-10-01,420,7.1
2004-11-01,439,7.5
2004-12-01,442,7.1
2005-01-01,424,6.6
2005-02-01,423,7
2005-03-01,434,7.2
2005-04-01,429,7.1
2005-05-01,422,7
2005-06-01,431,7.3
2005-07-01,424,7
2005-08-01,438,7
2005-09-01,456,7.2
2005-10-01,470,7.7
2005-11-01,477,7.9
2005-12-01,510,8.6
2006-01-01,550,9.1
2006-02-01,555,9.5
2006-03-01,557,10.4
2006-04-01,611,12.6
2006-05-01,675,13.4
2006-06-01,596,10.8
2006-07-01,634,11.2
2006-08-01,633,12.2
2006-09-01,598,11.7
2006-10-01,586,11.6
2006-11-01,628,12.9
2006-12-01,630,13.3
2007-01-01,631,12.8
2007-02-01,665,13.9
2007-03-01,655,13.2
2007-04-01,679,13.7
2007-05-01,667,13.1
2007-06-01,656,13.1
2007-07-01,665,12.9
2007-08-01,665,12.3
2007-09-01,713,12.8
2007-10-01,755,13.7
2007-11-01,806,14.7
2007-12-01,803,14.3
2008-01-01,890,15.9
2008-02-01,922,17.6
2008-03-01,968,19.3
2008-04-01,910,17.5
2008-05-01,889,17.1
2008-06-01,889,17
2008-07-01,940,18
2008-08-01,839,14.6
2008-09-01,830,12.4
2008-10-01,807,10.4
2008-11-01,761,9.9
2008-12-01,816,10.3
2009-01-01,859,11.3
2009-02-01,943,13.4
2009-03-01,924,13.1
2009-04-01,890,12.5
2009-05-01,929,14
2009-06-01,946,14.7
2009-07-01,934,13.4
2009-08-01,949,14.4
2009-09-01,997,16.4
2009-10-01,1043,17.2
2009-11-01,1127,17.8
2009-12-01,1135,17.6
2010-01-01,1118,17.7
2010-02-01,1095,15.9
2010-03-01,1113,17.1
2010-04-01,1149,18.1
2010-05-01,1205,18.4
2010-06-01,1233,18.5
2010-07-01,1193,18
2010-08-01,1216,18.4
2010-09-01,1271,20.5
2010-10-01,1342,23.4
2010-11-01,1370,26.5
2010-12-01,1391,29.3
2011-01-01,1360,28.5
2011-02-01,1375,30.8
2011-03-01,1423,35.8
2011-04-01,1481,42.7
2011-05-01,1513,37.3
2011-06-01,1529,35.8
2011-07-01,1573,37.9
2011-08-01,1759,40.3
2011-09-01,1772,38.2
2011-10-01,1666,32
2011-11-01,1739,33.1
2011-12-01,1640,30.3
2012-01-01,1654,30.7
2012-02-01,1745,34.1
2012-03-01,1676,33
2012-04-01,1649,31.5
2012-05-01,1589,28.7
2012-06-01,1599,28
2012-07-01,1594,27.4
2012-08-01,1630,28.8
2012-09-01,1745,33.6
2012-10-01,1747,33.2
2012-11-01,1722,32.8
2012-12-01,1685,31.9
2013-01-01,1672,31.1
2013-02-01,1628,30.3
2013-03-01,1593,28.8
2013-04-01,1488,25.4
2013-05-01,1414,23
2013-06-01,1343,21.1
2013-07-01,1286,19.7
2013-08-01,1352,21.9
2013-09-01,1349,22.6
2013-10-01,1317,21.9
2013-11-01,1276,20.8
2013-12-01,1222,19.7
2014-01-01,1244,19.9
2014-02-01,1300,20.8
2014-03-01,1336,20.7
2014-04-01,1298,19.7
2014-05-01,1289,19.3
2014-06-01,1279,19.9
2014-07-01,1311,20.9
2014-08-01,1295,19.7
2014-09-01,1237,18.4
2014-10-01,1222,17.2
2014-11-01,1175,16
2014-12-01,1201,16.3
2015-01-01,1251,17.2
2015-02-01,1227,16.8
2015-03-01,1179,16.2
2015-04-01,1199,16.3
2015-05-01,1199,16.8
2015-06-01,1182,16.1
2015-07-01,1128,15.1
2015-08-01,1118,14.9
2015-09-01,1125,14.8
2015-10-01,1159,15.8
2015-11-01,1086,14.5
2015-12-01,1076,14.1
2016-01-01,1098,14.1
2016-02-01,1200,15.2
2016-03-01,1245,15.5
2016-04-01,1242,16.4
2016-05-01,1261,16.9
2016-06-01,1276,17.3
2016-07-01,1337,20
2016-08-01,1340,19.6
2016-09-01,1327,19.4
2016-10-01,1267,17.7
2016-11-01,1238,17.4
2016-12-01,1157,16.4
2017-01-01,1192,16.9
2017-02-01,1234,17.9
2017-03-01,1231,17.6
2017-04-01,1267,18
2017-05-01,1246,16.7
2017-06-01,1260,16.9
2017-07-01,1237,16.2
2017-08-01,1283,17
2017-09-01,1314,17.4
2017-10-01,1280,16.9
2017-11-01,1282,17
2017-12-01,1264,16.2
2018-01-01,1331,17.1
2018-02-01,1331,16.6
2018-03-01,1325,16.5
2018-04-01,1335,16.6
2018-05-01,1303,16.5
2018-06-01,1282,16.5
2018-07-01,1238,15.7
2018-08-01,1202,15
2018-09-01,1198,14.3
2018-10-01,1215,14.6
2018-11-01,1221,14.4
2018-12-01,1250,14.8
2019-01-01,1292,15.6
2019-02-01,1320,15.8
2019-03-01,1301,15.3
2019-04-01,1286,15.1
2019-05-01,1284,14.7
2019-06-01,1359,15
2019-07-01,1413,15.8
2019-08-01,1500,17.2
2019-09-01,1511,18.2
2019-10-01,1495,17.6
2019-11-01,1471,17.2
2019-12-01,1479,17.1
2020-01-01,1561,18
2020-02-01,1597,17.9
2020-03-01,1592,14.9
2020-04-01,1683,15.1
2020-05-01,1716,16.3
2020-06-01,1732,17.7
2020-07-01,1847,20.6
2020-08-01,1969,27
2020-09-01,1922,25.7
2020-10-01,1900,24.2
2020-11-01,1866,24.1
2020-12-01,1858,25
2021-01-01,1867,25.9
2021-02-01,1808,27.3
2021-03-01,1718,25.6
2021-04-01,1760,25.7
2021-05-01,1850,27.5
2021-06-01,1835,27
2021-07-01,1808,25.7
2021-08-01,1785,24
2021-09-01,1775,23.2
2021-10-01,1777,23.4
2021-11-01,1822,24.2
2021-12-01,1790,22.5
2022-01-01,1816,23.2
2022-02-01,1856,23.5
2022-03-01,1948,25.3
2022-04-01,1937,24.5
2022-05-01,1849,21.9
2022-06-01,1837,21.6
2022-07-01,1733,19.1
2022-08-01,1765,19.7
2022-09-01,1681,18.9
2022-10-01,1664,19.4
2022-11-01,1725,21
2022-12-01,1798,23.3
2023-01-01,1898,23.7
2023-02-01,1855,21.9
2023-03-01,1913,22
2023-04-01,2000,25
2023-05-01,1992,24.3
2023-06-01,1943,23.4
2023-07-01,1951,24.3
2023-08-01,1919,23.4
2023-09-01,1916,23.1
2023-10-01,1916,22.4
2023-11-01,1984,23.5
2023-12-01,2026,23.9
2024-01-01,2034,22.9
2024-02-01,2023,22.7
2024-03-01,2158,24.5
2024-04-01,2331,27.5
2024-05-01,2351,29.4
2024-06-01,2326,29.6
2024-07-01,2398,29.8
2024-08-01,2470,28.5
2024-09-01,2571,30.1
2024-10-01,2690,32.4
2024-11-01,2651,31.1
2024-12-01,2648,30.8
2025-01-01,2710,30.4
2025-02-01,2895,32.2
2025-03-01,2983,33.2
2025-04-01,3218,32.2
2025-05-01,3309,32.8
2025-06-01,3353,36
2025-07-01,3340,37.7
2025-08-01,3368,38.2
2025-09-01,3668,42.8
2025-10-01,4058,49.4
2025-11-01,4087,50.4
2025-12-01,4309,62.3
2026-01-01,4753,92.1
2026-02-01,5020,81.9
2026-03-01,4856,77.9
2026-04-01,4721,75.9
2026-05-01,4587,78
2026-06-01,4228,66.7
2026-07-01,4073,58.8
