date,gold_usd_oz,silver_usd_oz,vix_avg,vix_eom,gold_ret,silver_ret,vix_chg,vix_level_lag
1990-01-01,410,5.2,23.347272727272728,25.36,,,,
1990-02-01,417,5.3,23.262631578947367,21.99,0.017073170731707332,0.019230769230769162,-0.13288643533123035,25.36
1990-03-01,393,5.1,20.062272727272727,19.73,-0.05755395683453235,-0.037735849056603765,-0.10277398817644379,21.99
1990-04-01,374,5.1,21.4035,19.52,-0.04834605597964381,0.0,-0.010643689812468327,19.73
1990-05-01,369,5.1,18.097727272727273,17.37,-0.013368983957219305,0.0,-0.11014344262295073,19.52
1990-06-01,352,4.9,16.82238095238095,15.5,-0.046070460704607075,-0.039215686274509665,-0.10765687967760507,17.37
1990-07-01,363,4.9,18.392857142857142,21.11,0.03125,0.0,0.36193548387096763,15.5
1990-08-01,395,5.0,28.175217391304347,29.9,0.0881542699724518,0.020408163265306145,0.4163903363334913,21.11
1990-09-01,389,4.8,29.10736842105263,29.11,-0.015189873417721489,-0.040000000000000036,-0.026421404682274274,29.9
1990-10-01,381,4.4,29.625652173913043,30.04,-0.020565552699228773,-0.08333333333333326,0.03194778426657496,29.11
1990-11-01,382,4.2,24.885714285714286,22.16,0.002624671916010568,-0.045454545454545525,-0.26231691078561914,30.04
1990-12-01,377,4.1,23.363,26.38,-0.01308900523560208,-0.023809523809523947,0.19043321299638993,22.16
1991-01-01,384,4.1,27.429090909090913,20.91,0.018567639257294433,0.0,-0.20735405610310842,26.38
1991-02-01,364,3.7,21.59842105263158,21.23,-0.05208333333333337,-0.09756097560975596,0.015303682448589262,20.91
1991-03-01,363,3.9,17.74421052631579,16.88,-0.0027472527472527375,0.054054054054053946,-0.2048987282147905,21.23
1991-04-01,358,4.0,17.37272727272727,18.24,-0.01377410468319562,0.025641025641025772,0.08056872037914697,16.88
1991-05-01,357,4.0,16.93227272727273,15.93,-0.0027932960893854997,0.0,-0.1266447368421052,18.24
1991-06-01,367,4.4,17.134999999999998,19.55,0.028011204481792618,0.10000000000000009,0.2272441933458884,15.93
1991-07-01,368,4.3,17.294090909090908,15.18,0.0027247956403269047,-0.022727272727272818,-0.22352941176470598,19.55
1991-08-01,356,4.0,15.681363636363637,14.46,-0.03260869565217395,-0.06976744186046513,-0.04743083003952564,15.18
1991-09-01,349,4.0,16.9565,15.85,-0.0196629213483146,0.0,0.09612724757952962,14.46
1991-10-01,359,4.1,16.36391304347826,15.48,0.02865329512893977,0.02499999999999991,-0.023343848580441584,15.85
1991-11-01,360,4.1,17.773500000000002,20.26,0.0027855153203342198,0.0,0.30878552971576223,15.48
1991-12-01,362,3.9,18.347619047619048,19.31,0.005555555555555536,-0.04878048780487798,-0.046890424481737525,20.26
1992-01-01,354,4.1,17.68318181818182,17.4,-0.02209944751381221,0.05128205128205132,-0.09891248058001034,19.31
1992-02-01,354,4.1,17.47736842105263,16.68,0.0,0.0,-0.04137931034482756,17.4
1992-03-01,344,4.1,17.520454545454545,16.18,-0.02824858757062143,0.0,-0.029976019184652314,16.68
1992-04-01,339,4.1,16.562857142857144,15.53,-0.014534883720930258,0.0,-0.04017305315203956,16.18
1992-05-01,337,4.1,15.077000000000002,13.86,-0.005899705014749235,0.0,-0.107533805537669,15.53
1992-06-01,341,4.1,15.203181818181816,13.35,0.011869436201780381,0.0,-0.03679653679653683,13.86
1992-07-01,353,4.0,13.601818181818182,13.17,0.035190615835777095,-0.024390243902438935,-0.013483146067415741,13.35
1992-08-01,343,3.8,14.421904761904763,13.58,-0.028328611898016942,-0.050000000000000044,0.031131359149582316,13.17
1992-09-01,345,3.8,13.696666666666667,14.28,0.005830903790087438,0.0,0.05154639175257736,13.58
1992-10-01,344,3.8,17.63681818181818,16.15,-0.0028985507246376274,0.0,0.13095238095238093,14.28
1992-11-01,335,3.8,14.4245,13.01,-0.026162790697674465,0.0,-0.1944272445820433,16.15
1992-12-01,335,3.7,12.191363636363635,12.57,0.0,-0.02631578947368407,-0.03382013835511144,13.01
1993-01-01,329,3.7,12.409,12.42,-0.017910447761193993,0.0,-0.011933174224343701,12.57
1993-02-01,329,3.7,13.72157894736842,13.16,0.0,0.0,0.05958132045088571,12.42
1993-03-01,330,3.6,13.60608695652174,12.53,0.003039513677811634,-0.027027027027027084,-0.04787234042553201,13.16
1993-04-01,342,4.0,12.840952380952379,12.42,0.036363636363636376,0.11111111111111116,-0.00877893056664003,12.53
1993-05-01,367,4.5,13.606,13.47,0.07309941520467844,0.125,0.08454106280193252,12.42
1993-06-01,372,4.4,12.524090909090908,11.26,0.013623978201634968,-0.022222222222222143,-0.164068299925761,13.47
1993-07-01,392,5.0,11.50047619047619,11.73,0.053763440860215006,0.13636363636363624,0.04174067495559508,11.26
1993-08-01,379,4.8,11.928636363636365,11.85,-0.03316326530612246,-0.040000000000000036,0.010230179028132946,11.73
1993-09-01,355,4.2,12.931428571428572,12.99,-0.0633245382585752,-0.12499999999999989,0.09620253164556969,11.85
1993-10-01,364,4.3,11.875238095238094,11.46,0.025352112676056304,0.023809523809523725,-0.11778290993071583,12.99
1993-11-01,374,4.5,14.083809523809524,13.76,0.027472527472527375,0.04651162790697683,0.20069808027923197,11.46
1993-12-01,383,5.0,11.356363636363637,11.66,0.02406417112299475,0.11111111111111116,-0.15261627906976738,13.76
1994-01-01,387,5.1,11.29047619047619,10.63,0.010443864229765065,0.020000000000000018,-0.08833619210977695,11.66
1994-02-01,382,5.2,13.64421052631579,14.87,-0.012919896640826822,0.019607843137255054,0.3988711194731889,10.63
1994-03-01,384,5.4,15.223478260869564,20.45,0.005235602094240788,0.03846153846153855,0.37525218560860796,14.87
1994-04-01,377,5.4,16.471052631578946,13.77,-0.01822916666666663,0.0,-0.3266503667481663,20.45
1994-05-01,381,5.4,13.897142857142857,13.03,0.010610079575596787,0.0,-0.053740014524328306,13.77
1994-06-01,386,5.4,13.408636363636363,14.97,0.013123359580052396,0.0,0.14888718342287044,13.03
1994-07-01,385,5.3,12.4845,11.13,-0.002590673575129543,-0.0185185185185186,-0.25651302605210424,14.97
1994-08-01,380,5.2,11.889130434782608,11.97,-0.012987012987012991,-0.01886792452830177,0.07547169811320753,11.13
1994-09-01,392,5.5,13.233333333333333,14.28,0.03157894736842115,0.05769230769230771,0.1929824561403508,11.97
1994-10-01,390,5.5,15.245238095238093,14.56,-0.005102040816326481,0.0,0.019607843137255054,14.28
1994-11-01,384,5.2,16.383809523809525,15.95,-0.01538461538461533,-0.054545454545454564,0.09546703296703285,14.56
1994-12-01,379,4.8,14.177142857142858,13.2,-0.01302083333333337,-0.07692307692307698,-0.1724137931034483,15.95
1995-01-01,379,4.8,12.274285714285714,11.96,0.0,0.0,-0.09393939393939388,13.2
1995-02-01,377,4.7,11.47,11.75,-0.00527704485488123,-0.02083333333333326,-0.01755852842809369,11.96
1995-03-01,382,4.6,12.166521739130435,13.37,0.013262599469495928,-0.021276595744680993,0.13787234042553176,11.75
1995-04-01,391,5.5,12.442631578947369,11.75,0.023560209424083878,0.19565217391304368,-0.12116679132385932,13.37
1995-05-01,385,5.6,12.265909090909092,12.85,-0.01534526854219953,0.018181818181818077,0.09361702127659566,11.75
1995-06-01,388,5.4,11.896818181818183,11.38,0.007792207792207684,-0.03571428571428559,-0.114396887159533,12.85
1995-07-01,386,5.2,12.514,13.49,-0.005154639175257714,-0.03703703703703709,0.18541300527240767,11.38
1995-08-01,384,5.4,12.798260869565217,11.52,-0.005181347150259086,0.03846153846153855,-0.14603409933283917,13.49
1995-09-01,383,5.4,12.057,12.74,-0.0026041666666666297,0.0,0.1059027777777779,11.52
1995-10-01,383,5.4,14.357272727272727,13.83,0.0,0.0,0.08555729984301408,12.74
1995-11-01,385,5.3,12.46904761904762,11.58,0.005221932114882533,-0.0185185185185186,-0.16268980477223427,13.83
1995-12-01,387,5.2,11.7485,12.52,0.0051948051948051965,-0.01886792452830177,0.08117443868739205,11.58
1996-01-01,399,5.5,13.473636363636365,12.53,0.03100775193798455,0.05769230769230771,0.0007987220447285281,12.52
1996-02-01,405,5.7,15.032999999999998,17.04,0.015037593984962516,0.036363636363636376,0.3599361532322427,12.53
1996-03-01,396,5.5,17.76238095238095,18.88,-0.022222222222222254,-0.03508771929824561,0.107981220657277,17.04
1996-04-01,393,5.4,16.575238095238095,15.83,-0.007575757575757569,-0.018181818181818077,-0.16154661016949146,18.88
1996-05-01,392,5.4,16.14636363636364,16.07,-0.0025445292620864812,0.0,0.01516108654453574,15.83
1996-06-01,385,5.2,16.395,13.68,-0.017857142857142905,-0.03703703703703709,-0.14872433105164906,16.07
1996-07-01,383,5.1,17.978636363636365,19.46,-0.0051948051948051965,-0.019230769230769384,0.42251461988304095,13.68
1996-08-01,387,5.1,15.760454545454547,17.01,0.010443864229765065,0.0,-0.12589928057553956,19.46
1996-09-01,383,5.0,16.578,16.95,-0.01033591731266148,-0.019607843137254832,-0.003527336860670305,17.01
1996-10-01,381,4.9,16.38173913043478,18.11,-0.005221932114882533,-0.019999999999999907,0.06843657817109139,16.95
1996-11-01,378,4.8,15.997,17.14,-0.007874015748031482,-0.020408163265306256,-0.05356156819436764,18.11
1996-12-01,369,4.8,19.260952380952382,20.92,-0.023809523809523836,0.0,0.22053675612602097,17.14
1997-01-01,355,4.8,19.473333333333333,19.47,-0.03794037940379402,0.0,-0.06931166347992368,20.92
1997-02-01,347,5.1,20.139473684210525,21.1,-0.022535211267605604,0.0625,0.08371854134566004,19.47
1997-03-01,352,5.2,20.169999999999998,22.14,0.014409221902017322,0.019607843137255054,0.049289099526066416,21.1
1997-04-01,344,4.8,19.662272727272725,20.06,-0.022727272727272707,-0.07692307692307698,-0.09394760614272812,22.14
1997-05-01,344,4.7,19.924761904761905,19.19,0.0,-0.02083333333333326,-0.04336989032901284,20.06
1997-06-01,341,4.8,20.194285714285712,21.53,-0.008720930232558155,0.02127659574468077,0.12193850964043773,19.19
1997-07-01,324,4.4,20.529090909090908,21.48,-0.04985337243401755,-0.08333333333333326,-0.0023223409196470035,21.53
1997-08-01,324,4.5,23.084761904761905,24.76,0.0,0.022727272727272707,0.15270018621973924,21.48
1997-09-01,323,4.7,23.812380952380952,22.91,-0.0030864197530864335,0.04444444444444451,-0.07471728594507276,24.76
1997-10-01,325,5.0,23.87086956521739,35.09,0.006191950464396356,0.06382978723404253,0.5316455696202533,22.91
1997-11-01,306,5.1,32.20611111111111,27.43,-0.058461538461538454,0.020000000000000018,-0.21829581077229987,35.09
1997-12-01,289,5.8,26.276363636363637,24.01,-0.05555555555555558,0.13725490196078427,-0.12468100619759381,27.43
1998-01-01,289,5.9,23.8665,21.47,0.0,0.017241379310344973,-0.10578925447730125,24.01
1998-02-01,297,6.8,19.998947368421053,18.55,0.02768166089965396,0.15254237288135575,-0.13600372612948297,21.47
1998-03-01,296,6.2,20.158636363636365,24.22,-0.0033670033670033517,-0.08823529411764697,0.3056603773584905,18.55
1998-04-01,308,6.3,22.02857142857143,21.18,0.04054054054054057,0.016129032258064502,-0.1255161023947151,24.22
1998-05-01,299,5.6,20.874000000000002,21.32,-0.02922077922077926,-0.11111111111111116,0.006610009442870712,21.18
1998-06-01,292,5.3,21.66272727272727,19.71,-0.02341137123745818,-0.05357142857142849,-0.07551594746716694,21.32
1998-07-01,293,5.5,19.930000000000003,24.8,0.003424657534246478,0.037735849056603765,0.2582445459157787,19.71
1998-08-01,284,5.2,31.58809523809524,44.28,-0.030716723549488067,-0.054545454545454564,0.7854838709677419,24.8
1998-09-01,289,5.0,38.2047619047619,40.95,0.01760563380281699,-0.03846153846153855,-0.07520325203252032,44.28
1998-10-01,296,5.0,36.60818181818182,28.05,0.02422145328719716,0.0,-0.315018315018315,40.95
1998-11-01,294,5.0,26.223000000000003,26.01,-0.006756756756756799,0.0,-0.07272727272727264,28.05
1998-12-01,292,4.9,25.479090909090907,24.42,-0.006802721088435382,-0.019999999999999907,-0.06113033448673588,26.01
1999-01-01,287,5.1,28.035263157894736,26.25,-0.017123287671232834,0.04081632653061207,0.07493857493857492,24.42
1999-02-01,287,5.5,28.82263157894737,27.88,0.0,0.07843137254901977,0.06209523809523798,26.25
1999-03-01,286,5.2,25.309565217391306,23.26,-0.0034843205574912606,-0.054545454545454564,-0.1657101865136298,27.88
1999-04-01,283,5.1,23.478571428571428,25.07,-0.010489510489510523,-0.019230769230769384,0.0778159931212381,23.26
1999-05-01,276,5.3,26.204500000000003,25.39,-0.02473498233215543,0.03921568627450989,0.012764260071798983,25.07
1999-06-01,261,5.0,23.626363636363635,21.09,-0.05434782608695654,-0.05660377358490565,-0.16935801496652225,25.39
1999-07-01,256,5.2,21.04904761904762,24.64,-0.019157088122605415,0.040000000000000036,0.16832622095780003,21.09
1999-08-01,257,5.3,24.323636363636364,24.45,0.00390625,0.019230769230769162,-0.007711038961038974,24.64
1999-09-01,265,5.2,24.541428571428572,25.41,0.03112840466926059,-0.01886792452830177,0.03926380368098159,24.45
1999-10-01,311,5.4,24.021428571428572,22.2,0.17358490566037732,0.03846153846153855,-0.12632821723730814,25.41
1999-11-01,293,5.2,21.81809523809524,24.18,-0.05787781350482313,-0.03703703703703709,0.08918918918918917,22.2
1999-12-01,283,5.2,22.040952380952383,24.76,-0.03412969283276446,0.0,0.02398676592224991,24.18
2000-01-01,284,5.2,23.202,24.95,0.0035335689045936647,0.0,0.007673667205169599,24.76
2000-02-01,300,5.2,23.5955,23.37,0.05633802816901401,0.0,-0.06332665330661313,24.95
2000-03-01,286,5.1,22.718260869565217,24.11,-0.046666666666666634,-0.019230769230769384,0.03166452717158741,23.37
2000-04-01,280,5.1,27.164210526315788,26.2,-0.020979020979020935,0.0,0.08668602239734557,24.11
2000-05-01,275,5.0,26.37318181818182,23.65,-0.017857142857142905,-0.019607843137254832,-0.09732824427480924,26.2
2000-06-01,286,5.0,21.54,19.54,0.040000000000000036,0.0,-0.17378435517970403,23.65
2000-07-01,282,5.0,19.893,20.74,-0.013986013986013957,0.0,0.06141248720573178,19.54
2000-08-01,274,4.9,18.088695652173914,16.84,-0.028368794326241176,-0.019999999999999907,-0.18804243008678878,20.74
2000-09-01,274,4.9,19.6875,20.57,0.0,0.0,0.22149643705463196,16.84
2000-10-01,270,4.8,25.2,23.63,-0.014598540145985384,-0.020408163265306256,0.14876033057851235,20.57
2000-11-01,266,4.7,26.38285714285714,29.65,-0.014814814814814836,-0.02083333333333326,0.25476089716462114,23.63
2000-12-01,271,4.6,26.5305,26.85,0.018796992481203034,-0.021276595744680993,-0.09443507588532873,29.65
2001-01-01,265,4.7,24.918571428571425,22.02,-0.022140221402214055,0.021739130434782705,-0.17988826815642467,26.85
2001-02-01,262,4.6,23.411578947368422,28.35,-0.01132075471698113,-0.021276595744680993,0.2874659400544961,22.02
2001-03-01,263,4.4,28.49681818181818,28.64,0.003816793893129722,-0.04347826086956508,0.010229276895943551,28.35
2001-04-01,260,4.4,28.133999999999997,25.48,-0.011406844106463865,0.0,-0.11033519553072624,28.64
2001-05-01,272,4.4,22.944090909090907,22.64,0.04615384615384621,0.0,-0.1114599686028257,25.48
2001-06-01,270,4.4,20.94047619047619,19.06,-0.007352941176470562,0.0,-0.1581272084805655,22.64
2001-07-01,268,4.3,22.316190476190474,21.62,-0.007407407407407418,-0.022727272727272818,0.13431269674711444,19.06
2001-08-01,272,4.2,21.86173913043478,24.92,0.014925373134328401,-0.023255813953488302,0.15263644773357998,21.62
2001-09-01,283,4.4,35.065333333333335,31.93,0.040441176470588314,0.04761904761904767,0.2813001605136436,24.92
2001-10-01,283,4.4,32.72130434782609,33.56,0.0,0.0,0.05104917005950527,31.93
2001-11-01,276,4.1,26.63095238095238,23.84,-0.02473498233215543,-0.06818181818181834,-0.2896305125148987,33.56
2001-12-01,276,4.4,23.72,23.8,0.0,0.07317073170731736,-0.001677852348993203,23.84
2002-01-01,282,4.5,22.252857142857142,21.09,0.021739130434782705,0.022727272727272707,-0.11386554621848743,23.8
2002-02-01,296,4.4,22.87578947368421,21.59,0.049645390070921946,-0.022222222222222143,0.02370791844476061,21.09
2002-03-01,294,4.5,18.985,17.4,-0.006756756756756799,0.022727272727272707,-0.1940713293191293,21.59
2002-04-01,303,4.6,19.900454545454547,21.91,0.030612244897959107,0.022222222222222143,0.25919540229885074,17.4
2002-05-01,314,4.7,20.087727272727275,19.98,0.03630363036303641,0.021739130434782705,-0.08808763121862162,21.91
2002-06-01,321,4.9,25.271,25.4,0.022292993630573354,0.042553191489361764,0.27127127127127126,19.98
2002-07-01,313,4.9,34.04954545454546,32.03,-0.024922118380062308,0.0,0.26102362204724416,25.4
2002-08-01,310,4.5,33.74272727272727,32.64,-0.009584664536741228,-0.08163265306122458,0.01904464564470798,32.03
2002-09-01,319,4.6,37.6475,39.69,0.029032258064516148,0.022222222222222143,0.21599264705882337,32.64
2002-10-01,317,4.4,35.24304347826087,31.14,-0.006269592476489061,-0.04347826086956508,-0.21541950113378683,39.69
2002-11-01,319,4.5,28.175,27.5,0.006309148264984188,0.022727272727272707,-0.11689145793192035,31.14
2002-12-01,332,4.6,28.21047619047619,28.62,0.040752351097178785,0.022222222222222143,0.04072727272727272,27.5
2003-01-01,357,4.8,27.424285714285713,31.17,0.07530120481927716,0.04347826086956519,0.08909853249475885,28.62
2003-02-01,359,4.7,32.21842105263158,29.63,0.0056022408963585235,-0.02083333333333326,-0.049406480590311275,31.17
2003-03-01,341,4.5,30.634285714285717,29.15,-0.05013927576601673,-0.042553191489361764,-0.0161997975025312,29.63
2003-04-01,328,4.5,23.99190476190476,21.21,-0.038123167155425186,0.0,-0.2723842195540308,29.15
2003-05-01,356,4.7,20.23952380952381,19.47,0.08536585365853666,0.04444444444444451,-0.0820367751060821,21.21
2003-06-01,356,4.5,20.362380952380953,19.52,0.0,-0.042553191489361764,0.002568053415511029,19.47
2003-07-01,351,4.8,19.161363636363635,19.49,-0.014044943820224698,0.06666666666666665,-0.0015368852459016757,19.52
2003-08-01,360,5.0,19.274285714285714,18.63,0.02564102564102555,0.04166666666666674,-0.04412519240636226,19.49
2003-09-01,379,5.2,19.532380952380954,22.72,0.05277777777777781,0.040000000000000036,0.2195383789586689,18.63
2003-10-01,379,5.0,18.023478260869567,16.1,0.0,-0.03846153846153855,-0.29137323943661964,22.72
2003-11-01,390,5.2,17.40105263157895,16.32,0.029023746701847042,0.040000000000000036,0.013664596273291751,16.1
2003-12-01,407,5.6,16.826363636363638,18.31,0.04358974358974366,0.07692307692307687,0.12193627450980382,16.32
2004-01-01,414,6.3,16.101,16.63,0.017199017199017286,0.125,-0.09175314036045878,18.31
2004-02-01,405,6.4,15.99842105263158,14.55,-0.021739130434782594,0.01587301587301604,-0.12507516536380026,16.63
2004-03-01,407,7.2,17.687391304347827,16.74,0.004938271604938205,0.125,0.15051546391752568,14.55
2004-04-01,403,7.1,15.69857142857143,17.19,-0.009828009828009798,-0.01388888888888895,0.026881720430107725,16.74
2004-05-01,384,5.9,17.705000000000002,15.5,-0.04714640198511166,-0.16901408450704214,-0.09831297265852246,17.19
2004-06-01,392,5.9,15.342727272727274,14.34,0.02083333333333326,0.0,-0.07483870967741935,15.5
2004-07-01,398,6.3,15.502380952380953,15.32,0.015306122448979664,0.06779661016949134,0.0683403068340307,14.34
2004-08-01,401,6.7,16.68409090909091,15.29,0.007537688442211143,0.06349206349206349,-0.001958224543081033,15.32
2004-09-01,405,6.4,14.08095238095238,13.34,0.009975062344139696,-0.04477611940298509,-0.1275343361674297,15.29
2004-10-01,420,7.1,14.973809523809523,16.27,0.03703703703703698,0.10937499999999978,0.21964017991004492,13.34
2004-11-01,439,7.5,13.577619047619047,13.24,0.0452380952380953,0.05633802816901423,-0.18623232944068835,16.27
2004-12-01,442,7.1,12.459545454545456,13.29,0.006833712984054774,-0.053333333333333344,0.003776435045317106,13.24
2005-01-01,424,6.6,13.437999999999999,12.82,-0.040723981900452455,-0.07042253521126762,-0.03536493604213686,13.29
2005-02-01,423,7.0,11.708947368421052,12.08,-0.002358490566037763,0.06060606060606055,-0.057722308892355745,12.82
2005-03-01,434,7.2,13.126363636363635,14.02,0.026004728132387633,0.028571428571428692,0.1605960264900661,12.08
2005-04-01,429,7.1,14.459047619047618,15.31,-0.011520737327188946,-0.01388888888888895,0.09201141226818832,14.02
2005-05-01,422,7.0,13.967619047619047,13.29,-0.01631701631701632,-0.014084507042253502,-0.13193990855649906,15.31
2005-06-01,431,7.3,11.868636363636364,12.04,0.021327014218009532,0.04285714285714293,-0.09405568096313022,13.29
2005-07-01,424,7.0,11.049,11.57,-0.016241299303944357,-0.041095890410958846,-0.039036544850498234,12.04
2005-08-01,438,7.0,12.951304347826087,12.6,0.03301886792452824,0.0,0.08902333621434733,11.57
2005-09-01,456,7.2,12.628095238095238,11.92,0.041095890410958846,0.028571428571428692,-0.053968253968254,12.6
2005-10-01,470,7.7,14.937619047619048,15.32,0.030701754385964897,0.06944444444444442,0.28523489932885915,11.92
2005-11-01,477,7.9,12.147619047619047,12.06,0.014893617021276562,0.025974025974025983,-0.21279373368146215,15.32
2005-12-01,510,8.6,11.26,12.07,0.0691823899371069,0.08860759493670867,0.0008291873963515162,12.06
2006-01-01,550,9.1,12.036,12.95,0.07843137254901955,0.058139534883721034,0.07290803645401822,12.07
2006-02-01,555,9.5,12.471052631578948,12.34,0.009090909090909038,0.04395604395604402,-0.0471042471042471,12.95
2006-03-01,557,10.4,11.69391304347826,11.39,0.003603603603603567,0.09473684210526323,-0.07698541329011344,12.34
2006-04-01,611,12.6,11.84736842105263,11.59,0.09694793536804314,0.21153846153846145,0.017559262510974394,11.39
2006-05-01,675,13.4,14.454545454545455,16.44,0.10474631751227492,0.06349206349206349,0.41846419327006057,11.59
2006-06-01,596,10.8,16.918636363636363,13.08,-0.11703703703703705,-0.19402985074626866,-0.2043795620437957,16.44
2006-07-01,634,11.2,15.325999999999999,14.95,0.06375838926174504,0.03703703703703698,0.14296636085626901,13.08
2006-08-01,633,12.2,13.351739130434783,12.31,-0.001577287066246047,0.08928571428571419,-0.17658862876254178,14.95
2006-09-01,598,11.7,12.1845,11.98,-0.05529225908372826,-0.040983606557377095,-0.026807473598700282,12.31
2006-10-01,586,11.6,11.306363636363637,11.1,-0.02006688963210701,-0.008547008547008517,-0.07345575959933226,11.98
2006-11-01,628,12.9,10.817619047619049,10.91,0.07167235494880542,0.11206896551724155,-0.017117117117117053,11.1
2006-12-01,630,13.3,10.9645,11.56,0.0031847133757962887,0.03100775193798455,0.05957836846929432,10.91
2007-01-01,631,12.8,11.0425,10.42,0.0015873015873015817,-0.03759398496240607,-0.09861591695501737,11.56
2007-02-01,665,13.9,11.155263157894737,15.42,0.0538827258320127,0.0859375,0.4798464491362764,10.42
2007-03-01,655,13.2,15.162727272727272,14.64,-0.015037593984962405,-0.05035971223021585,-0.05058365758754857,15.42
2007-04-01,679,13.7,12.933000000000002,14.22,0.03664122137404591,0.037878787878787845,-0.02868852459016391,14.64
2007-05-01,667,13.1,13.297727272727274,13.05,-0.0176730486008837,-0.04379562043795615,-0.08227848101265822,14.22
2007-06-01,656,13.1,14.947619047619046,16.23,-0.016491754122938573,0.0,0.2436781609195402,13.05
2007-07-01,665,12.9,17.273333333333333,23.52,0.013719512195121908,-0.015267175572518998,0.4491682070240295,16.23
2007-08-01,665,12.3,25.02608695652174,23.38,0.0,-0.046511627906976716,-0.005952380952380931,23.52
2007-09-01,713,12.8,22.198947368421056,18.0,0.07218045112781946,0.04065040650406493,-0.2301112061591103,23.38
2007-10-01,755,13.7,19.115652173913045,18.53,0.058906030855540026,0.07031249999999978,0.029444444444444606,18.0
2007-11-01,806,14.7,25.58238095238095,22.87,0.06754966887417213,0.07299270072992692,0.234214786832164,18.53
2007-12-01,803,14.3,21.651,22.5,-0.003722084367245637,-0.027210884353741416,-0.01617839965019685,22.87
2008-01-01,890,15.9,25.816190476190474,26.2,0.1083437110834371,0.11188811188811187,0.1644444444444444,22.5
2008-02-01,922,17.6,25.456,26.54,0.035955056179775235,0.10691823899371067,0.012977099236641143,26.2
2008-03-01,968,19.3,27.103500000000004,25.61,0.049891540130151846,0.09659090909090895,-0.0350414468726451,26.54
2008-04-01,910,17.5,21.562727272727273,20.79,-0.05991735537190079,-0.09326424870466321,-0.1882077313549395,25.61
2008-05-01,889,17.1,18.303333333333335,17.83,-0.023076923076923106,-0.022857142857142798,-0.14237614237614238,20.79
2008-06-01,889,17.0,22.11047619047619,23.95,0.0,-0.005847953216374324,0.34324172742568715,17.83
2008-07-01,940,18.0,24.321818181818184,22.94,0.057367829021372385,0.05882352941176472,-0.04217118997912306,23.95
2008-08-01,839,14.6,20.695714285714285,20.65,-0.10744680851063826,-0.18888888888888888,-0.09982563208369666,22.94
2008-09-01,830,12.4,30.23857142857143,39.39,-0.010727056019070313,-0.15068493150684925,0.9075060532687653,20.65
2008-10-01,807,10.4,61.17739130434782,59.89,-0.027710843373493943,-0.16129032258064513,0.5204366590505205,39.39
2008-11-01,761,9.9,62.66894736842105,55.84,-0.057001239157372985,-0.04807692307692313,-0.06762397729170144,59.89
2008-12-01,816,10.3,52.405,40.0,0.07227332457293034,0.04040404040404044,-0.2836676217765044,55.84
2009-01-01,859,11.3,44.683,44.84,0.052696078431372584,0.09708737864077666,0.121,40.0
2009-02-01,943,13.4,45.57052631578947,46.35,0.09778812572759032,0.18584070796460184,0.03367528991971458,44.84
2009-03-01,924,13.1,44.79545454545455,44.14,-0.020148462354188768,-0.022388059701492602,-0.04768069039913703,46.35
2009-04-01,890,12.5,38.063809523809525,36.5,-0.03679653679653683,-0.04580152671755722,-0.1730856366107839,44.14
2009-05-01,929,14.0,31.977999999999998,28.92,0.043820224719101075,0.1200000000000001,-0.2076712328767123,36.5
2009-06-01,946,14.7,29.140454545454546,26.35,0.01829924650161474,0.050000000000000044,-0.08886583679114801,28.92
2009-07-01,934,13.4,26.162727272727274,25.92,-0.012684989429175508,-0.08843537414965985,-0.016318785578747663,26.35
2009-08-01,949,14.4,25.337142857142858,26.01,0.016059957173447437,0.07462686567164178,0.003472222222222321,25.92
2009-09-01,997,16.4,24.92666666666667,25.61,0.050579557428872546,0.13888888888888884,-0.01537870049980783,26.01
2009-10-01,1043,17.2,24.252272727272725,30.69,0.04613841524573714,0.04878048780487809,0.19836001561889893,25.61
2009-11-01,1127,17.8,23.788999999999998,24.51,0.08053691275167796,0.03488372093023262,-0.20136852394916904,30.69
2009-12-01,1135,17.6,21.239545454545453,21.68,0.00709849157054121,-0.011235955056179692,-0.11546307629538966,24.51
2010-01-01,1118,17.7,20.643157894736845,24.62,-0.0149779735682819,0.005681818181818121,0.13560885608856088,21.68
2010-02-01,1095,15.9,22.54,19.5,-0.020572450805008913,-0.10169491525423724,-0.2079610073111292,24.62
2010-03-01,1113,17.1,17.767391304347825,17.59,0.016438356164383494,0.07547169811320753,-0.09794871794871796,19.5
2010-04-01,1149,18.1,17.424285714285716,22.05,0.032345013477088846,0.058479532163742576,0.2535531552018193,17.59
2010-05-01,1205,18.4,31.9295,32.07,0.048738033072236675,0.016574585635358963,0.45442176870748296,22.05
2010-06-01,1233,18.5,29.916363636363634,34.54,0.023236514522821494,0.005434782608695787,0.07701902089179913,32.07
2010-07-01,1193,18.0,25.565238095238094,23.5,-0.032441200324412,-0.027027027027026973,-0.31962941517081644,34.54
2010-08-01,1216,18.4,24.74590909090909,26.05,0.019279128248113953,0.022222222222222143,0.10851063829787244,23.5
2010-09-01,1271,20.5,22.517619047619046,23.7,0.04523026315789469,0.11413043478260887,-0.09021113243762002,26.05
2010-10-01,1342,23.4,20.37333333333333,21.2,0.0558615263571991,0.14146341463414625,-0.10548523206751059,23.7
2010-11-01,1370,26.5,20.095714285714287,23.54,0.02086438152011927,0.13247863247863245,0.11037735849056607,21.2
2010-12-01,1391,29.3,17.56954545454545,17.75,0.01532846715328473,0.10566037735849054,-0.24596431605777402,23.54
2011-01-01,1360,28.5,17.3155,19.53,-0.022286125089863384,-0.027303754266211677,0.1002816901408452,17.75
2011-02-01,1375,30.8,17.43,18.35,0.011029411764705843,0.08070175438596494,-0.06041986687147971,19.53
2011-03-01,1423,35.8,20.723478260869566,17.74,0.034909090909091,0.16233766233766223,-0.03324250681198926,18.35
2011-04-01,1481,42.7,16.244,14.75,0.04075895994378076,0.19273743016759792,-0.1685456595264937,17.74
2011-05-01,1513,37.3,16.91142857142857,15.45,0.02160702228224176,-0.12646370023419218,0.047457627118643986,14.75
2011-06-01,1529,35.8,19.153181818181817,16.52,0.010575016523463265,-0.04021447721179627,0.06925566343042067,15.45
2011-07-01,1573,37.9,19.2275,25.25,0.02877697841726623,0.05865921787709505,0.5284503631961259,16.52
2011-08-01,1759,40.3,35.02913043478261,31.62,0.11824539097266373,0.0633245382585752,0.2522772277227723,25.25
2011-09-01,1772,38.2,36.53,42.96,0.007390562819783897,-0.05210918114143903,0.3586337760910816,31.62
2011-10-01,1666,32.0,32.829047619047614,29.96,-0.05981941309255079,-0.16230366492146608,-0.3026070763500931,42.96
2011-11-01,1739,33.1,31.94190476190476,27.8,0.043817527010804325,0.034375000000000044,-0.0720961281708945,29.96
2011-12-01,1640,30.3,25.047619047619047,23.4,-0.05692926969522716,-0.08459214501510581,-0.15827338129496415,27.8
2012-01-01,1654,30.7,20.228,19.44,0.008536585365853666,0.013201320132013139,-0.16923076923076907,23.4
2012-02-01,1745,34.1,18.4205,18.43,0.05501813784764198,0.11074918566775249,-0.05195473251028815,19.44
2012-03-01,1676,33.0,16.167272727272728,15.5,-0.03954154727793702,-0.032258064516129115,-0.15897992403689631,18.43
2012-04-01,1649,31.5,17.823,17.15,-0.01610978520286399,-0.045454545454545414,0.1064516129032258,15.5
2012-05-01,1589,28.7,21.001818181818184,24.06,-0.03638568829593691,-0.0888888888888889,0.40291545189504374,17.15
2012-06-01,1599,28.0,21.13095238095238,17.08,0.006293266205160464,-0.024390243902439046,-0.29010806317539484,24.06
2012-07-01,1594,27.4,17.565238095238094,18.93,-0.0031269543464665928,-0.021428571428571463,0.10831381733021095,17.08
2012-08-01,1630,28.8,15.689565217391305,17.47,0.02258469259723972,0.051094890510948954,-0.07712625462229272,18.93
2012-09-01,1745,33.6,15.284736842105264,15.73,0.07055214723926384,0.16666666666666674,-0.09959931310818537,17.47
2012-10-01,1747,33.2,16.276190476190475,18.6,0.0011461318051575464,-0.011904761904761862,0.1824539097266371,15.73
2012-11-01,1722,32.8,16.701904761904764,15.87,-0.014310246136233551,-0.012048192771084487,-0.14677419354838717,18.6
2012-12-01,1685,31.9,17.307,18.02,-0.021486643437862996,-0.027439024390243816,0.13547574039067434,15.87
2013-01-01,1672,31.1,13.505238095238095,14.28,-0.00771513353115727,-0.02507836990595602,-0.20754716981132082,18.02
2013-02-01,1628,30.3,14.072631578947368,15.51,-0.02631578947368418,-0.025723472668810365,0.08613445378151274,14.28
2013-03-01,1593,28.8,13.0315,12.7,-0.02149877149877155,-0.04950495049504955,-0.18117343649258544,15.51
2013-04-01,1488,25.4,13.967272727272727,13.52,-0.06591337099811678,-0.11805555555555558,0.0645669291338582,12.7
2013-05-01,1414,23.0,13.493636363636364,16.3,-0.04973118279569888,-0.0944881889763779,0.20562130177514804,13.52
2013-06-01,1343,21.1,17.2715,16.86,-0.050212164073550225,-0.08260869565217388,0.03435582822085892,16.3
2013-07-01,1286,19.7,13.974545454545455,13.45,-0.04244229337304539,-0.06635071090047406,-0.20225385527876638,16.86
2013-08-01,1352,21.9,14.21,17.01,0.051321928460342114,0.11167512690355319,0.2646840148698886,13.45
2013-09-01,1349,22.6,14.692000000000002,16.6,-0.002218934911242587,0.03196347031963476,-0.02410346854791301,17.01
2013-10-01,1317,21.9,15.407826086956522,13.75,-0.023721275018532273,-0.030973451327433787,-0.17168674698795183,16.6
2013-11-01,1276,20.8,12.924000000000001,13.7,-0.031131359149582427,-0.05022831050228305,-0.0036363636363636598,13.75
2013-12-01,1222,19.7,14.192380952380953,13.72,-0.042319749216300995,-0.05288461538461542,0.0014598540145986938,13.7
2014-01-01,1244,19.9,14.24095238095238,18.41,0.018003273322422242,0.010152284263959421,0.34183673469387754,13.72
2014-02-01,1300,20.8,15.47,14.0,0.045016077170418,0.045226130653266416,-0.2395437262357415,18.41
2014-03-01,1336,20.7,14.836666666666666,13.88,0.027692307692307683,-0.004807692307692402,-0.008571428571428563,14.0
2014-04-01,1298,19.7,14.19809523809524,13.41,-0.02844311377245512,-0.048309178743961345,-0.03386167146974073,13.88
2014-05-01,1289,19.3,12.475238095238096,11.4,-0.006933744221879867,-0.02030456852791873,-0.1498881431767337,13.41
2014-06-01,1279,19.9,11.541428571428572,11.57,-0.007757951900698168,0.031088082901554293,0.014912280701754321,11.4
2014-07-01,1311,20.9,12.296363636363635,16.95,0.02501954652071925,0.05025125628140703,0.4649956784788245,11.57
2014-08-01,1295,19.7,13.491904761904761,11.98,-0.012204424103737566,-0.0574162679425837,-0.29321533923303833,16.95
2014-09-01,1237,18.4,13.466666666666667,16.31,-0.04478764478764474,-0.06598984771573613,0.36143572621035047,11.98
2014-10-01,1222,17.2,18.058695652173913,14.03,-0.01212611156022636,-0.06521739130434778,-0.13979153893316976,16.31
2014-11-01,1175,16.0,13.413157894736841,13.33,-0.038461538461538436,-0.06976744186046513,-0.04989308624376332,14.03
2014-12-01,1201,16.3,16.292272727272728,19.2,0.02212765957446816,0.018750000000000044,0.44036009002250553,13.33
2015-01-01,1251,17.2,19.1195,20.97,0.04163197335553703,0.05521472392638027,0.09218750000000009,19.2
2015-02-01,1227,16.8,15.90421052631579,13.34,-0.01918465227817745,-0.023255813953488302,-0.36385312350977583,20.97
2015-03-01,1179,16.2,14.812727272727273,15.29,-0.03911980440097795,-0.03571428571428581,0.14617691154422774,13.34
2015-04-01,1199,16.3,13.494761904761905,14.55,0.016963528413910023,0.006172839506172867,-0.04839764551994763,15.29
2015-05-01,1199,16.8,13.3385,13.84,0.0,0.030674846625766916,-0.04879725085910658,14.55
2015-06-01,1182,16.1,14.339545454545457,18.23,-0.014178482068390341,-0.04166666666666663,0.31719653179190765,13.84
2015-07-01,1128,15.1,14.352727272727272,12.12,-0.045685279187817285,-0.06211180124223614,-0.33516182117388926,18.23
2015-08-01,1118,14.9,19.42809523809524,28.43,-0.00886524822695034,-0.013245033112582738,1.3457095709570956,12.12
2015-09-01,1125,14.8,24.377142857142857,24.5,0.0062611806797854275,-0.006711409395973145,-0.1382342595849455,28.43
2015-10-01,1159,15.8,16.789545454545454,15.07,0.03022222222222215,0.06756756756756754,-0.3848979591836734,24.5
2015-11-01,1086,14.5,16.21,16.13,-0.06298533218291635,-0.08227848101265822,0.07033842070338414,15.07
2015-12-01,1076,14.1,18.025454545454547,18.21,-0.009208103130755041,-0.02758620689655178,0.12895226286422834,16.13
2016-01-01,1098,14.1,23.717894736842105,20.2,0.020446096654274992,0.0,0.10928061504667763,18.21
2016-02-01,1200,15.2,22.517,20.55,0.09289617486338808,0.07801418439716312,0.017326732673267342,20.2
2016-03-01,1245,15.5,15.84909090909091,13.95,0.03750000000000009,0.019736842105263275,-0.3211678832116789,20.55
2016-04-01,1242,16.4,14.300476190476191,15.7,-0.002409638554216831,0.05806451612903207,0.1254480286738351,13.95
2016-05-01,1261,16.9,14.852857142857141,14.19,0.015297906602254496,0.030487804878048808,-0.09617834394904456,15.7
2016-06-01,1276,17.3,17.774545454545457,15.63,0.011895321173671647,0.02366863905325456,0.10147991543340384,14.19
2016-07-01,1337,20.0,13.1585,11.87,0.04780564263322895,0.15606936416184958,-0.24056301983365336,15.63
2016-08-01,1340,19.6,12.399565217391304,13.42,0.002243829468960401,-0.019999999999999907,0.1305812973883742,11.87
2016-09-01,1327,19.4,14.21952380952381,13.29,-0.00970149253731345,-0.010204081632653184,-0.009687034277198303,13.42
2016-10-01,1267,17.7,14.585238095238097,17.06,-0.045214770158251705,-0.08762886597938147,0.2836719337848006,13.29
2016-11-01,1238,17.4,15.236190476190476,13.33,-0.022888713496448276,-0.016949152542372947,-0.2186400937866353,17.06
2016-12-01,1157,16.4,12.472380952380954,14.04,-0.06542810985460423,-0.05747126436781613,0.05326331582895727,13.33
2017-01-01,1192,16.9,11.6085,11.99,0.030250648228176358,0.030487804878048808,-0.1460113960113959,14.04
2017-02-01,1234,17.9,11.530526315789475,12.92,0.03523489932885915,0.059171597633136175,0.0775646371976646,11.99
2017-03-01,1231,17.6,11.89782608695652,12.37,-0.002431118314424663,-0.016759776536312665,-0.042569659442724506,12.92
2017-04-01,1267,18.0,13.136315789473684,10.82,0.02924451665312744,0.022727272727272707,-0.1253031527890056,12.37
2017-05-01,1246,16.7,10.862272727272726,10.41,-0.016574585635359074,-0.0722222222222223,-0.037892791127541625,10.82
2017-06-01,1260,16.9,10.513636363636364,11.18,0.011235955056179803,0.011976047904191489,0.07396733909702213,10.41
2017-07-01,1237,16.2,10.2645,10.26,-0.0182539682539683,-0.041420118343195256,-0.08228980322003576,11.18
2017-08-01,1283,17.0,11.975652173913044,10.59,0.037186742118027416,0.04938271604938271,0.032163742690058506,10.26
2017-09-01,1314,17.4,10.437999999999999,9.51,0.024162120031177015,0.0235294117647058,-0.10198300283286121,10.59
2017-10-01,1280,16.9,10.125454545454545,10.18,-0.025875190258751957,-0.028735632183908066,0.07045215562565721,9.51
2017-11-01,1282,17.0,10.54047619047619,11.28,0.0015624999999999112,0.00591715976331364,0.10805500982318272,10.18
2017-12-01,1264,16.2,10.2645,11.04,-0.01404056162246492,-0.04705882352941182,-0.021276595744680882,11.28
2018-01-01,1331,17.1,11.062380952380952,13.54,0.053006329113924,0.05555555555555558,0.22644927536231885,11.04
2018-02-01,1331,16.6,22.464736842105264,19.85,0.0,-0.029239766081871288,0.4660265878877403,13.54
2018-03-01,1325,16.5,19.023809523809526,19.97,-0.004507888805409421,-0.006024096385542244,0.006045340050377712,19.85
2018-04-01,1335,16.6,18.267619047619046,15.93,0.007547169811320753,0.0060606060606061,-0.20230345518277415,19.97
2018-05-01,1303,16.5,14.124545454545455,15.43,-0.02397003745318349,-0.006024096385542244,-0.03138731952291274,15.93
2018-06-01,1282,16.5,13.678095238095239,16.09,-0.016116653875671516,0.0,0.04277381723914453,15.43
2018-07-01,1238,15.7,13.147619047619049,12.83,-0.03432137285491421,-0.048484848484848575,-0.20261031696706022,16.09
2018-08-01,1202,15.0,12.54695652173913,12.86,-0.029079159935379684,-0.04458598726114649,0.002338269680436378,12.83
2018-09-01,1198,14.3,12.910526315789474,12.12,-0.0033277870216306127,-0.046666666666666634,-0.05754276827371696,12.86
2018-10-01,1215,14.6,19.35217391304348,21.23,0.014190317195325486,0.020979020979020824,0.7516501650165017,12.12
2018-11-01,1221,14.4,19.38904761904762,18.07,0.004938271604938205,-0.013698630136986245,-0.14884597268016952,21.23
2018-12-01,1250,14.8,24.953157894736844,25.42,0.02375102375102367,0.0277777777777779,0.4067515218594355,18.07
2019-01-01,1292,15.6,19.57238095238095,16.57,0.033600000000000074,0.054054054054053946,-0.34815106215578284,25.42
2019-02-01,1320,15.8,15.234736842105262,14.78,0.021671826625387025,0.012820512820512997,-0.1080265540132771,16.57
2019-03-01,1301,15.3,14.485238095238095,13.71,-0.014393939393939403,-0.03164556962025311,-0.07239512855209729,14.78
2019-04-01,1286,15.1,12.949047619047619,13.12,-0.01152959262106068,-0.013071895424836666,-0.04303428154631672,13.71
2019-05-01,1284,14.7,16.721818181818183,18.71,-0.0015552099533436836,-0.026490066225165587,0.4260670731707319,13.12
2019-06-01,1359,15.0,15.836000000000002,15.08,0.05841121495327095,0.020408163265306145,-0.19401389631213262,18.71
2019-07-01,1413,15.8,13.305909090909092,16.12,0.039735099337748325,0.053333333333333455,0.06896551724137945,15.08
2019-08-01,1500,17.2,18.97909090909091,18.98,0.06157112526539277,0.08860759493670867,0.17741935483870974,16.12
2019-09-01,1511,18.2,15.559000000000001,16.24,0.007333333333333414,0.058139534883721034,-0.14436248682824038,18.98
2019-10-01,1495,17.6,15.466521739130435,13.22,-0.010589013898080757,-0.03296703296703285,-0.18596059113300478,16.24
2019-11-01,1471,17.2,12.5235,12.62,-0.016053511705685586,-0.022727272727272818,-0.045385779122541714,13.22
2019-12-01,1479,17.1,13.756666666666666,13.78,0.005438477226376692,-0.005813953488371992,0.09191759112519815,12.62
2020-01-01,1561,18.0,13.94095238095238,18.84,0.05544286680189314,0.05263157894736836,0.36719883889695226,13.78
2020-02-01,1597,17.9,19.628947368421052,40.11,0.023062139654068003,-0.005555555555555647,1.128980891719745,18.84
2020-03-01,1592,14.9,57.73681818181819,53.54,-0.003130870381966133,-0.16759776536312843,0.3348292196459737,40.11
2020-04-01,1683,15.1,41.453809523809525,34.15,0.0571608040201006,0.01342281879194629,-0.3621591333582368,53.54
2020-05-01,1716,16.3,30.897000000000002,27.51,0.019607843137254832,0.07947019867549665,-0.19443631039531473,34.15
2020-06-01,1732,17.7,31.119545454545456,30.43,0.00932400932400923,0.08588957055214719,0.1061432206470374,27.51
2020-07-01,1847,20.6,26.840454545454545,24.46,0.06639722863741349,0.16384180790960468,-0.1961879723956621,30.43
2020-08-01,1969,27.0,22.88952380952381,26.41,0.06605305901461822,0.3106796116504853,0.0797219950940311,24.46
2020-09-01,1922,25.7,27.64761904761905,26.37,-0.023869984763839502,-0.04814814814814816,-0.0015145778114350472,26.41
2020-10-01,1900,24.2,29.438636363636363,38.02,-0.01144640998959412,-0.05836575875486383,0.44178991277967383,26.37
2020-11-01,1866,24.1,24.9955,20.57,-0.017894736842105297,-0.004132231404958553,-0.4589689637033141,38.02
2020-12-01,1858,25.0,22.37409090909091,22.75,-0.004287245444801746,0.03734439834024883,0.10597958191541079,20.57
2021-01-01,1867,25.9,24.91,33.09,0.004843918191603791,0.03600000000000003,0.4545054945054947,22.75
2021-02-01,1808,27.3,23.140526315789476,27.95,-0.03160149973219073,0.05405405405405417,-0.1553339377455426,33.09
2021-03-01,1718,25.6,21.84304347826087,19.4,-0.0497787610619469,-0.06227106227106227,-0.30590339892665475,27.95
2021-04-01,1760,25.7,17.416190476190476,18.61,0.024447031431897637,0.00390625,-0.04072164948453605,19.4
2021-05-01,1850,27.5,19.7605,16.76,0.051136363636363535,0.07003891050583655,-0.09940891993551848,18.61
2021-06-01,1835,27.0,16.956818181818182,15.83,-0.008108108108108136,-0.018181818181818188,-0.055489260143198216,16.76
2021-07-01,1808,25.7,17.603333333333335,18.24,-0.014713896457765663,-0.04814814814814816,0.15224257738471247,15.83
2021-08-01,1785,24.0,17.472727272727273,16.48,-0.012721238938053103,-0.06614785992217898,-0.0964912280701753,18.24
2021-09-01,1775,23.2,19.824761904761903,23.14,-0.0056022408963585235,-0.033333333333333326,0.404126213592233,16.48
2021-10-01,1777,23.4,17.871428571428574,16.26,0.0011267605633802358,0.008620689655172376,-0.29732065687121867,23.14
2021-11-01,1822,24.2,18.50047619047619,27.19,0.025323579065841262,0.03418803418803429,0.6722017220172201,16.26
2021-12-01,1790,22.5,21.354545454545455,17.22,-0.01756311745334793,-0.07024793388429751,-0.36667892607576325,27.19
2022-01-01,1816,23.2,23.181,24.83,0.01452513966480451,0.03111111111111109,0.44192799070847855,17.22
2022-02-01,1856,23.5,25.748421052631578,30.15,0.022026431718061623,0.012931034482758674,0.21425694724124056,24.83
2022-03-01,1948,25.3,26.968695652173913,20.56,0.049568965517241326,0.07659574468085117,-0.3180762852404644,30.15
2022-04-01,1937,24.5,24.3735,33.4,-0.0056468172484599455,-0.031620553359683834,0.6245136186770428,20.56
2022-05-01,1849,21.9,29.313636363636363,26.19,-0.04543107898812593,-0.10612244897959189,-0.21586826347305377,33.4
2022-06-01,1837,21.6,28.23318181818182,28.71,-0.006489994591671211,-0.013698630136986134,0.09621993127147754,26.19
2022-07-01,1733,19.1,24.995238095238093,21.33,-0.056614044637996686,-0.1157407407407407,-0.2570532915360503,28.71
2022-08-01,1765,19.7,22.169565217391302,25.87,0.018465089440276916,0.03141361256544495,0.21284575714955478,21.33
2022-09-01,1681,18.9,27.34181818181818,31.62,-0.04759206798866855,-0.040609137055837574,0.2222651720139157,25.87
2022-10-01,1664,19.4,30.005714285714287,25.88,-0.010113027959547938,0.02645502645502651,-0.18153067678684387,31.62
2022-11-01,1725,21.0,23.29909090909091,20.58,0.036658653846153744,0.08247422680412386,-0.2047913446676971,25.88
2022-12-01,1798,23.3,21.784285714285716,21.67,0.04231884057971014,0.10952380952380958,0.05296404275996136,20.58
2023-01-01,1898,23.7,20.16904761904762,19.4,0.05561735261401557,0.01716738197424883,-0.10475311490539929,21.67
2023-02-01,1855,21.9,20.1205,20.7,-0.02265542676501575,-0.07594936708860767,0.0670103092783505,19.4
2023-03-01,1913,22.0,21.644347826086957,18.7,0.03126684636118604,0.004566210045662267,-0.09661835748792269,20.7
2023-04-01,2000,25.0,17.817894736842106,15.78,0.045478306325143825,0.13636363636363646,-0.15614973262032084,18.7
2023-05-01,1992,24.3,17.63608695652174,17.94,-0.0040000000000000036,-0.028000000000000025,0.1368821292775666,15.78
2023-06-01,1943,23.4,14.003181818181817,13.59,-0.02459839357429716,-0.03703703703703709,-0.24247491638795993,17.94
2023-07-01,1951,24.3,13.932380952380951,13.63,0.004117344312918103,0.03846153846153855,0.0029433406916852256,13.59
2023-08-01,1919,23.4,15.85391304347826,13.57,-0.016401845207585808,-0.03703703703703709,-0.0044020542920030215,13.63
2023-09-01,1916,23.1,15.173333333333332,17.52,-0.0015633142261594069,-0.012820512820512664,0.29108327192336025,13.57
2023-10-01,1916,22.4,18.887727272727272,18.14,0.0,-0.030303030303030387,0.035388127853881235,17.52
2023-11-01,1984,23.5,14.01909090909091,12.92,0.035490605427974886,0.049107142857143016,-0.28776185226019846,18.14
2023-12-01,2026,23.9,12.7185,12.45,0.021169354838709742,0.017021276595744705,-0.03637770897832826,12.92
2024-01-01,2034,22.9,13.388636363636364,14.35,0.003948667324777944,-0.04184100418410042,0.1526104417670684,12.45
2024-02-01,2023,22.7,13.980476190476189,13.4,-0.005408062930186808,-0.008733624454148492,-0.0662020905923344,14.35
2024-03-01,2158,24.5,13.7875,13.01,0.06673257538309452,0.07929515418502198,-0.02910447761194035,13.4
2024-04-01,2331,27.5,16.137727272727275,15.65,0.08016682113067652,0.12244897959183665,0.20292083013066886,13.01
2024-05-01,2351,29.4,13.058695652173913,12.92,0.008580008580008514,0.06909090909090909,-0.17444089456869016,15.65
2024-06-01,2326,29.6,12.667,12.44,-0.01063377286261169,0.006802721088435382,-0.037151702786377694,12.92
2024-07-01,2398,29.8,14.373913043478263,16.36,0.03095442820292349,0.006756756756756799,0.315112540192926,12.44
2024-08-01,2470,28.5,19.312272727272727,15.0,0.030025020850708906,-0.043624161073825496,-0.08312958435207818,16.36
2024-09-01,2571,30.1,17.663333333333334,16.73,0.04089068825910935,0.056140350877192935,0.11533333333333329,15.0
2024-10-01,2690,32.4,19.960869565217394,23.16,0.04628549202644883,0.07641196013289031,0.3843395098625224,16.73
2024-11-01,2651,31.1,16.015238095238097,13.51,-0.014498141263940556,-0.04012345679012341,-0.41666666666666663,23.16
2024-12-01,2648,30.8,15.866190476190477,17.35,-0.0011316484345530453,-0.009646302250803873,0.28423390081421185,13.51
2025-01-01,2710,30.4,16.763636363636365,16.43,0.023413897280966767,-0.012987012987013102,-0.05302593659942367,17.35
2025-02-01,2895,32.2,16.968,19.63,0.06826568265682664,0.0592105263157896,0.19476567255021293,16.43
2025-03-01,2983,33.2,21.841428571428573,22.28,0.030397236614853274,0.03105590062111796,0.1349974528782476,19.63
2025-04-01,3218,32.2,31.966190476190473,24.7,0.07877975192758968,-0.030120481927710885,0.108617594254937,22.28
2025-05-01,3309,32.8,20.46227272727273,18.57,0.02827843380981987,0.01863354037267073,-0.24817813765182184,24.7
2025-06-01,3353,36.0,18.403333333333336,16.73,0.013297068600785833,0.09756097560975618,-0.0990845449649973,18.57
2025-07-01,3340,37.7,16.381304347826084,16.72,-0.003877124962719969,0.047222222222222276,-0.0005977286312015551,16.73
2025-08-01,3368,38.2,15.75,15.36,0.008383233532934131,0.013262599469495928,-0.08133971291866027,16.72
2025-09-01,3668,42.8,15.789090909090909,16.28,0.0890736342042755,0.120418848167539,0.05989583333333348,15.36
2025-10-01,4058,49.4,18.086521739130436,17.44,0.10632497273718644,0.1542056074766356,0.07125307125307123,16.28
2025-11-01,4087,50.4,19.7695,16.35,0.007146377525874881,0.020242914979757165,-0.0625,17.44
2025-12-01,4309,62.3,15.548181818181819,14.95,0.05431857107903104,0.23611111111111116,-0.08562691131498479,16.35
2026-01-01,4753,92.1,16.17904761904762,17.44,0.10304014852634014,0.478330658105939,0.1665551839464885,14.95
2026-02-01,5020,81.9,19.207,19.86,0.056175047338522965,-0.11074918566775238,0.13876146788990806,17.44
2026-03-01,4856,77.9,25.596818181818183,25.25,-0.03266932270916334,-0.04884004884004889,0.27139979859013086,19.86
2026-04-01,4721,75.9,19.811904761904763,16.89,-0.027800658978583193,-0.025673940949935803,-0.33108910891089105,25.25
2026-05-01,4587,78.0,17.237142857142857,15.32,-0.028383816987926247,0.02766798418972316,-0.09295441089402012,16.89
2026-06-01,4228,66.7,17.90681818181818,16.45,-0.07826466099847396,-0.1448717948717948,0.07375979112271525,15.32
2026-07-01,4073,58.8,17.09086956521739,15.99,-0.036660359508041584,-0.11844077961019495,-0.027963525835866254,16.45
